{"part_place_settings":[{"color":{"__OBJ_TYPE":"Color","r":255,"b":255,"a":255,"g":255},"__OBJ_TYPE":"PART_PLACE_SETTING","key":"cube","texture":"part_suliao.tga"},{"color":{"__OBJ_TYPE":"Color","r":255,"b":255,"a":255,"g":255},"__OBJ_TYPE":"PART_PLACE_SETTING","key":"sphere","texture":"part_suliao.tga"},{"color":{"__OBJ_TYPE":"Color","r":255,"b":255,"a":255,"g":255},"__OBJ_TYPE":"PART_PLACE_SETTING","key":"cylinder","texture":"part_suliao.tga"},{"color":{"__OBJ_TYPE":"Color","r":255,"b":255,"a":255,"g":255},"__OBJ_TYPE":"PART_PLACE_SETTING","key":"cone","texture":"part_suliao.tga"}],"viewport_height":513,"map_pos":{"map001":{"x":30,"y":68,"z":30}},"viewport_width":915,"camera_move_speed":0.5}